Workbook

Sheet Summary
A1: deckName | B1: sumFromEuro | C1: trendFromEuro | D1: version
A2: AniktheaHandOfErebos | B2: ='AniktheaHandOfErebos'!E92 -> 352.71 | C2: ='AniktheaHandOfErebos'!G92 -> 494.44 | D2: v1
A3: ClavilenoFirstOfTheBlessed | B3: ='ClavilenoFirstOfTheBlessed'!E93 -> 830.55 | C3: ='ClavilenoFirstOfTheBlessed'!G93 -> 986.93 | D3: v2
A4: KiloApogeeMind | B4: ='KiloApogeeMind'!E103 -> 1063.51 | C4: ='KiloApogeeMind'!G103 -> 1389.97 | D4: v2
B6: =SUM(B2:B4) -> 2246.77 | C6: =SUM(C2:C4) -> 2871.34

Sheet AniktheaHandOfErebos
A1: quantity | B1: link | C1: foilType | D1: fromEuro | E1: sumFromEuro | F1: trendEuro | G1: sumTrendEuro
A2: 1 | B2: https://www.cardmarket.com/en/Magic/Products/Singles/Clash-Pack-Promos/Sandsteppe-Citadel?language=1&isFoil=Y | C2: FOIL | D2: 0.14 | E2: =IF(D2="","",A2*D2) -> 0.14 | F2: 0.67 | G2: =IF(F2="","",A2*F2) -> 0.67
A3: 1 | B3: https://www.cardmarket.com/en/Magic/Products/Singles/Commander-2015/Aura-of-Silence?language=1 | C3: NO | D3: 3.49 | E3: =IF(D3="","",A3*D3) -> 3.49 | F3: 6.32 | G3: =IF(F3="","",A3*F3) -> 6.32
A4: 1 | B4: https://www.cardmarket.com/en/Magic/Products/Singles/Commander-Duskmourn-House-of-Horror-Extras/Soaring-Lightbringer?language=1 | C4: NO | D4: 0.4 | E4: =IF(D4="","",A4*D4) -> 0.4 | F4: 2.19 | G4: =IF(F4="","",A4*F4) -> 2.19
A5: 1 | B5: https://www.cardmarket.com/en/Magic/Products/Singles/Commander-Duskmourn-House-of-Horror/Sphere-of-Safety?language=1 | C5: NO | D5: 3.61 | E5: =IF(D5="","",A5*D5) -> 3.61 | F5: 4.88 | G5: =IF(F5="","",A5*F5) -> 4.88
A6: 1 | B6: https://www.cardmarket.com/en/Magic/Products/Singles/Commander-Edge-of-Eternities-Extras/Festering-Thicket?language=1 | C6: NO | D6: 0.29 | E6: =IF(D6="","",A6*D6) -> 0.29 | F6: 0.95 | G6: =IF(F6="","",A6*F6) -> 0.95
A7: 1 | B7: https://www.cardmarket.com/en/Magic/Products/Singles/Commander-Edge-of-Eternities-Extras/Vernal-Fen?language=1 | C7: NO | D7: 1 | E7: =IF(D7="","",A7*D7) -> 1 | F7: 2.21 | G7: =IF(F7="","",A7*F7) -> 2.21
A8: 1 | B8: https://www.cardmarket.com/en/Magic/Products/Singles/Commander-Edge-of-Eternities/Viridescent-Bog?language=1 | C8: NO | D8: 0.05 | E8: =IF(D8="","",A8*D8) -> 0.05 | F8: 0.26 | G8: =IF(F8="","",A8*F8) -> 0.26
A9: 1 | B9: https://www.cardmarket.com/en/Magic/Products/Singles/Commander-Legends/Three-Visits?language=1 | C9: NO | D9: 4 | E9: =IF(D9="","",A9*D9) -> 4 | F9: 4.8 | G9: =IF(F9="","",A9*F9) -> 4.8
A10: 1 | B10: https://www.cardmarket.com/en/Magic/Products/Singles/Commander-Magic-The-Gathering-FINAL-FANTASY-Extras/Summon-Yojimbo?language=1 | C10: NO | D10: 9.5 | E10: =IF(D10="","",A10*D10) -> 9.5 | F10: 10.38 | G10: =IF(F10="","",A10*F10) -> 10.38
A11: 1 | B11: https://www.cardmarket.com/en/Magic/Products/Singles/Commander-Magic-The-Gathering-FINAL-FANTASY/Brushland?language=1 | C11: NO | D11: 0.48 | E11: =IF(D11="","",A11*D11) -> 0.48 | F11: 0.86 | G11: =IF(F11="","",A11*F11) -> 0.86
A12: 1 | B12: https://www.cardmarket.com/en/Magic/Products/Singles/Commander-Magic-The-Gathering-FINAL-FANTASY/Canopy-Vista?language=1 | C12: NO | D12: 0.1 | E12: =IF(D12="","",A12*D12) -> 0.1 | F12: 0.24 | G12: =IF(F12="","",A12*F12) -> 0.24
A13: 1 | B13: https://www.cardmarket.com/en/Magic/Products/Singles/Commander-Magic-The-Gathering-FINAL-FANTASY/Command-Tower-V2?language=1 | C13: NO | D13: 0.14 | E13: =IF(D13="","",A13*D13) -> 0.14 | F13: 0.25 | G13: =IF(F13="","",A13*F13) -> 0.25
... A90: 1 | B90: https://www.cardmarket.com/en/Magic/Products/Singles/Visions/Femeref-Enchantress?language=1 | C90: NO | D90: 6.89 | E90: =IF(D90="","",A90*D90) -> 6.89 | F90: 8.99 | G90: =IF(F90="","",A90*F90) -> 8.99
A92: =SUM(A2:A90) -> 100 | E92: =SUM(E2:E90) -> 352.71 | G92: =SUM(G2:G90) -> 494.44

Sheet ClavilenoFirstOfTheBlessed
A1: quantity | B1: link | C1: foilType | D1: fromEuro | E1: sumFromEuro | F1: trendEuro | G1: sumTrendEuro
A2: 1 | B2: https://www.cardmarket.com/en/Magic/Products/Singles/30th-Anniversary-Celebration/Vito-Thorn-of-the-Dusk-Rose?language=1&isFoil=Y | C2: FOIL | D2: 6.68 | E2: =IF(D2="","",A2*D2) -> 6.68 | F2: 7.95 | G2: =IF(F2="","",A2*F2) -> 7.95
A3: 1 | B3: https://www.cardmarket.com/en/Magic/Products/Singles/Buy-a-Box-Promos/Voldaren-Estate?language=1&isFoil=Y | C3: FOIL | D3: 0.1 | E3: =IF(D3="","",A3*D3) -> 0.1 | F3: 1.19 | G3: =IF(F3="","",A3*F3) -> 1.19
A4: 1 | B4: https://www.cardmarket.com/en/Magic/Products/Singles/Commander-2017/Pawn-of-Ulamog?language=1 | C4: NO | D4: 1.29 | E4: =IF(D4="","",A4*D4) -> 1.29 | F4: 1.96 | G4: =IF(F4="","",A4*F4) -> 1.96
A5: 1 | B5: https://www.cardmarket.com/en/Magic/Products/Singles/Commander-Duskmourn-House-of-Horror-Extras/Damn?language=1&isFoil=Y | C5: FOIL | D5: 2 | E5: =IF(D5="","",A5*D5) -> 2 | F5: 3.07 | G5: =IF(F5="","",A5*F5) -> 3.07
A6: 1 | B6: https://www.cardmarket.com/en/Magic/Products/Singles/Commander-Innistrad-Crimson-Vow/Timothar-Baron-of-Bats-V2?language=1 | C6: NO | D6: 0.56 | E6: =IF(D6="","",A6*D6) -> 0.56 | F6: 1.02 | G6: =IF(F6="","",A6*F6) -> 1.02
A7: 1 | B7: https://www.cardmarket.com/en/Magic/Products/Singles/Commander-Legends-Battle-for-Baldurs-Gate-Extras/Astarions-Thirst?language=1&isFoil=Y | C7: FOIL | D7: 1.98 | E7: =IF(D7="","",A7*D7) -> 1.98 | F7: 2.46 | G7: =IF(F7="","",A7*F7) -> 2.46
A8: 1 | B8: https://www.cardmarket.com/en/Magic/Products/Singles/Commander-Magic-The-Gathering-FINAL-FANTASY-Collectors-Edition/Fetid-Heath?language=1&isFoil=Y | C8: SURGE_FOIL | D8: 0.5 | E8: =IF(D8="","",A8*D8) -> 0.5 | F8: 1.28 | G8: =IF(F8="","",A8*F8) -> 1.28
A9: 1 | B9: https://www.cardmarket.com/en/Magic/Products/Singles/Commander-Masters-Extras/Exsanguinate?language=1&isFoil=Y | C9: FOIL | D9: 1.65 | E9: =IF(D9="","",A9*D9) -> 1.65 | F9: 5.41 | G9: =IF(F9="","",A9*F9) -> 5.41
A10: 1 | B10: https://www.cardmarket.com/en/Magic/Products/Singles/Commander-Masters-Extras/Path-of-Ancestry?language=1&isFoil=Y | C10: FOIL | D10: 0.39 | E10: =IF(D10="","",A10*D10) -> 0.39 | F10: 1.49 | G10: =IF(F10="","",A10*F10) -> 1.49
A11: 1 | B11: https://www.cardmarket.com/en/Magic/Products/Singles/Commander-Masters-Extras/Twilight-Prophet?language=1&isFoil=Y | C11: ETCHED_FOIL | D11: 7.99 | E11: =IF(D11="","",A11*D11) -> 7.99 | F11: 13.6 | G11: =IF(F11="","",A11*F11) -> 13.6
A12: 1 | B12: https://www.cardmarket.com/en/Magic/Products/Singles/Commander-Secrets-of-Strixhaven-Extras/Eclipsed-Steppe?language=1 | C12: NO | D12: 1.15 | E12: =IF(D12="","",A12*D12) -> 1.15 | F12: 2.58 | G12: =IF(F12="","",A12*F12) -> 2.58
A13: 1 | B13: https://www.cardmarket.com/en/Magic/Products/Singles/Commander-Secrets-of-Strixhaven-Extras/Stensian-Sanguinist-Exsanguinate?language=1 | C13: NO | D13: 4.8 | E13: =IF(D13="","",A13*D13) -> 4.8 | F13: 6.24 | G13: =IF(F13="","",A13*F13) -> 6.24
... A91: 1 | B91: https://www.cardmarket.com/en/Magic/Products/Singles/dSecret-Lair-Drop-Series-Secretversary-2023/Elenda-the-Dusk-Rose?language=1&isFoil=Y | C91: FOIL | D91: 19.88 | E91: =IF(D91="","",A91*D91) -> 19.88 | F91: 21.41 | G91: =IF(F91="","",A91*F91) -> 21.41
A93: =SUM(A2:A91) -> 100 | E93: =SUM(E2:E91) -> 830.55 | G93: =SUM(G2:G91) -> 986.93

Sheet KiloApogeeMind
A1: quantity | B1: link | C1: foilType | D1: fromEuro | E1: sumFromEuro | F1: trendEuro | G1: sumTrendEuro
A2: 1 | B2: https://www.cardmarket.com/en/Magic/Products/Singles/Aetherdrift-Extras/Riptide-Gearhulk?language=1&isFoil=Y | C2: FOIL | D2: 5 | E2: =IF(D2="","",A2*D2) -> 5 | F2: 8.87 | G2: =IF(F2="","",A2*F2) -> 8.87
A3: 1 | B3: https://www.cardmarket.com/en/Magic/Products/Singles/Breaking-News/Contagion-Engine-V1?language=1&isFoil=Y | C3: FOIL | D3: 6.71 | E3: =IF(D3="","",A3*D3) -> 6.71 | F3: 12.18 | G3: =IF(F3="","",A3*F3) -> 12.18
A4: 1 | B4: https://www.cardmarket.com/en/Magic/Products/Singles/Breaking-News/Path-to-Exile?language=1&isFoil=Y | C4: FOIL | D4: 1.49 | E4: =IF(D4="","",A4*D4) -> 1.49 | F4: 2.28 | G4: =IF(F4="","",A4*F4) -> 2.28
A5: 1 | B5: https://www.cardmarket.com/en/Magic/Products/Singles/Commander-Edge-of-Eternities-Extras/Insight-Engine?language=1 | C5: NO | D5: 1.74 | E5: =IF(D5="","",A5*D5) -> 1.74 | F5: 2.6 | G5: =IF(F5="","",A5*F5) -> 2.6
A6: 1 | B6: https://www.cardmarket.com/en/Magic/Products/Singles/Commander-Edge-of-Eternities-Extras/Patrolling-Peacemaker?language=1 | C6: NO | D6: 1 | E6: =IF(D6="","",A6*D6) -> 1 | F6: 1.77 | G6: =IF(F6="","",A6*F6) -> 1.77
A7: 1 | B7: https://www.cardmarket.com/en/Magic/Products/Singles/Commander-Edge-of-Eternities-Extras/Surge-Conductor?language=1 | C7: NO | D7: 0.4 | E7: =IF(D7="","",A7*D7) -> 0.4 | F7: 0.56 | G7: =IF(F7="","",A7*F7) -> 0.56
A8: 1 | B8: https://www.cardmarket.com/en/Magic/Products/Singles/Commander-Edge-of-Eternities/Dispatch?language=1 | C8: NO | D8: 1 | E8: =IF(D8="","",A8*D8) -> 1 | F8: 3.39 | G8: =IF(F8="","",A8*F8) -> 3.39
A9: 1 | B9: https://www.cardmarket.com/en/Magic/Products/Singles/Commander-Edge-of-Eternities/Hangarback-Walker?language=1 | C9: NO | D9: 0.09 | E9: =IF(D9="","",A9*D9) -> 0.09 | F9: 0.36 | G9: =IF(F9="","",A9*F9) -> 0.36
A10: 1 | B10: https://www.cardmarket.com/en/Magic/Products/Singles/Commander-Edge-of-Eternities/Kilo-Apogee-Mind?language=1&isFoil=Y | C10: FOIL | D10: 0.25 | E10: =IF(D10="","",A10*D10) -> 0.25 | F10: 0.57 | G10: =IF(F10="","",A10*F10) -> 0.57
A11: 1 | B11: https://www.cardmarket.com/en/Magic/Products/Singles/Commander-Foundations-Extras/Turbulent-Shore?language=1 | C11: NO | D11: 3 | E11: =IF(D11="","",A11*D11) -> 3 | F11: 3.96 | G11: =IF(F11="","",A11*F11) -> 3.96
A12: 1 | B12: https://www.cardmarket.com/en/Magic/Products/Singles/Commander-Legends-Battle-for-Baldurs-Gate-Extras/Archivist-of-Oghma?language=1&isFoil=Y | C12: FOIL | D12: 7.5 | E12: =IF(D12="","",A12*D12) -> 7.5 | F12: 10.08 | G12: =IF(F12="","",A12*F12) -> 10.08
A13: 1 | B13: https://www.cardmarket.com/en/Magic/Products/Singles/Commander-Legends-Extras/Akiri-Line-Slinger?language=1&isFoil=Y | C13: ETCHED_FOIL | D13: 1.99 | E13: =IF(D13="","",A13*D13) -> 1.99 | F13: 3.23 | G13: =IF(F13="","",A13*F13) -> 3.23
... A101: 1 | B101: https://www.cardmarket.com/en/Magic/Products/Singles/Zendikar-Rising-Extras/Sea-Gate-Restoration-Sea-Gate-Reborn?language=1&isFoil=Y | C101: FOIL | D101: 38 | E101: =IF(D101="","",A101*D101) -> 38 | F101: 41.6 | G101: =IF(F101="","",A101*F101) -> 41.6
A103: =SUM(A2:A101) -> 100 | E103: =SUM(E2:E101) -> 1063.51 | G103: =SUM(G2:G101) -> 1389.97
